1,iPhone 9,549,Apple
2,iPhone X,899,Apple
3,Samsung Universe 9,1249,Samsung
4,OPPOF19,280,OPPO
5,Huawei P30,499,Huawei
6,MacBook Pro,1749,Apple
7,Samsung Galaxy Book,1499,Samsung
8,Microsoft Surface Laptop 4,1499,Microsoft Surface
9,Infinix INBOOK,1099,Infinix
10,HP Pavilion 15-DK1056WM,1099,HP Pavilion
11,perfume Oil,13,Impression of Acqua Di Gio
12,Brown Perfume,40,Royal_Mirage
13,Fog Scent Xpressio Perfume,13,Fog Scent Xpressio
14,Non-Alcoholic Concentrated Perfume Oil,120,Al Munakh
15,Eau De Perfume Spray,30,Lord - Al-Rehab
16,Hyaluronic Acid Serum,19,L'Oreal Paris
17,Tree Oil 30ml,12,Hemani Tea
18,Oil Free Moisturizer 100ml,40,Dermive
19,Skin Beauty Serum.,46,ROREC White Rice
20,Freckle Treatment Cream- 15gm,70,Fair & Clear
21,- Daal Masoor 500 grams,20,Saaf & Khaas
22,Elbow Macaroni - 400 gm,14,Bake Parlor Big
23,Orange Essence Food Flavou,14,Baking Food Items
24,cereals muesli fruit nuts,46,fauji
25,Gulab Powder 50 Gram,70,Dry Rose
26,Plant Hanger For Home,41,Boho Decor
27,Flying Wooden Bird,51,Flying Wooden
28,3D Embellishment Art Lamp,20,LED Lights
29,Handcraft Chinese style,60,luxury palace
30,Key Holder,30,Golden
